nouns,noun_tag,verbs,verb_tag,adjectives,adjective_tag,adverbs,adverb_tag,pronouns,pronoun_tag,prepositions,preposition_tag,determiners,determiner_tag,conjunctions,conjunction_tag,numerals,numeral_tag,modals,modal_tag,interjections,interjection_tag,tos,to_tag,wh_determiners,wh_determiner_tag,wh_pronouns,wh_pronoun_tag
Crackers,NNS,Fumbled,VBN,Late,JJ,Here,RB,I,PRP,Down,IN,No,DT,Plus,CC,50,CD,Could,MD,Oh,UH,To,TO,Whatever,WDT,Who,WP
Alondra,NNP,Dodged,VBD,Most,JJS,Tryna,RB,He,PRP,Over,IN,This,DT,But,CC,2Teez,CD,Would,MD,Yes,UH,,,Whoever,WDT,What,WP
Marijuana,NNP,Killed,VBN,Cocaine,JJ,Truthfully,RB,My,PRP$,Bro,IN,That,DT,And,CC,4,CD,Should,MD,Yeah,UH,,,Which,WDT,,
Ha,NNP,Pack,VB,Popular,JJ,Sincerely,RB,She,PRP,As,IN,Both,DT,Or,CC,16,CD,Can,MD,,,,,,,,
Jealous,NNP,Are,VBP,Real,JJ,Enough,RB,Yep,PRP$,Cause,IN,Any,DT,,,3,CD,Will,MD,,,,,,,,
Chains,NNS,Turn,VB,Additional,JJ,Obviously,RB,Its,PRP$,Without,IN,A,DT,,,12,CD,,,,,,,,,,
Beatin,NNP,Wicked,VBN,Deep,JJ,Alright,RB,You,PRP,Bet,IN,The,DT,,,90,CD,,,,,,,,,,
Nobody,NN,Walk,VB,Palisade,JJ,Constantly,RB,Your,PRP$,For,IN,Another,DT,,,11,CD,,,,,,,,,,
Blue,NNP,Going,VBG,Clich,JJ,Down,RB,Y,PRP$,Been,IN,Some,DT,,,Five,CD,,,,,,,,,,
Everybody,NN,Adjourning,VBG,Sour,JJ,Up,RB,Our,PRP$,Because,IN,An,DT,,,10,CD,,,,,,,,,,
County,NNP,Avoiding,VBG,Small,JJ,As,RB,We,PRP,Since,IN,Every,DT,,,Twenty,CD,,,,,,,,,,
Stay,NNP,Institutionalized,VBN,Top,JJ,Strong,RB,Her,PRP$,So,IN,All,DT,,,14,CD,,,,,,,,,,
Forecastin,NNP,Get,VB,Slow,JJ,Right,RB,They,PRP,Find,IN,These,DT,,,30,CD,,,,,,,,,,
Zeroes,NNS,Uneducated,VBN,Solar,JJ,So,RB,It,PRP,Of,IN,,,,,9,CD,,,,,,,,,,
Gun,NNP,Wonder,VB,Dead,JJ,Where,WRB,His,PRP$,Through,IN,,,,,15,CD,,,,,,,,,,
Ain,NNP,Called,VBN,Nappy,JJ,X,RB,,,That,IN,,,,,one,CD,,,,,,,,,,
Beauty,NN,Take,VB,Harsh,JJ,Not,RB,,,Are,IN,,,,,Ten,CD,,,,,,,,,,
Lord,NNP,Abusing,VBG,Electorial,JJ,When,WRB,,,Within,IN,,,,,Hundred,CD,,,,,,,,,,
Hundred,NNP,Scared,VBN,Republican,JJ,Even,RB,,,Remind,IN,,,,,24,CD,,,,,,,,,,
Mothafucka,NNP,Give,VB,Everyday,JJ,Never,RB,,,Like,IN,,,,,2,CD,,,,,,,,,,
Parmesan,NNP,Clocked,VBD,True,JJ,Sometimes,RB,,,Cross,IN,,,,,6,CD,,,,,,,,,,
Faults,NNS,Say,VB,Presidental,JJ,More,RBR,,,Unless,IN,,,,,Six,CD,,,,,,,,,,
Flash,NN,Mimicking,VBG,Good,JJ,Ever,RB,,,Although,IN,,,,,Seven,CD,,,,,,,,,,
Murder,NN,Depending,VBG,Touch,JJ,Why,WRB,,,At,IN,,,,,Three,CD,,,,,,,,,,
Section,NN,See,VB,Indigenous,JJ,Still,RB,,,Watchin,IN,,,,,One,CD,,,,,,,,,,
YAWK,NNP,Lot,VB,Red,JJ,Straight,RB,,,By,IN,,,,,Eight,CD,,,,,,,,,,
Okay,NNP,Watchin,VB,Different,JJ,Once,RB,,,About,IN,,,,,13,CD,,,,,,,,,,
Thought,NNP,Dusted,VBN,Prevalent,JJ,Clearly,RB,,,Wonderin,IN,,,,,20,CD,,,,,,,,,,
Pots,NNS,Loaded,VBN,Free,JJ,Quickly,RB,,,If,IN,,,,,100K,CD,,,,,,,,,,
Thirty,NNP,Took,VB,Seen,JJ,Really,RB,,,Well,IN,,,,,2015,CD,,,,,,,,,,
Numbers,NNS,Yelling,VBG,Southside,JJ,Almost,RB,,,Trunk,IN,,,,,8,CD,,,,,,,,,,
Seems,NNS,Flagging,VBG,Next,JJ,Exactly,RB,,,Findin,IN,,,,,5,CD,,,,,,,,,,
Matter,NNP,Hold,VB,Been,JJ,First,RB,,,While,IN,,,,,Two,CD,,,,,,,,,,
Shut,NNP,Cry,VB,Last,JJ,Only,RB,,,Though,IN,,,,,7,CD,,,,,,,,,,
Rip,NNP,Is,VBZ,Trial,JJ,Shout,RB,,,Between,IN,,,,,1987,CD,,,,,,,,,,
Room,NNP,Illuminated,VBN,Seventeen,JJ,Already,RB,,,Was,IN,,,,,,,,,,,,,,,,
Fall,NN,Pull,VB,Double,JJ,Evidently,RB,,,Wear,IN,,,,,,,,,,,,,,,,
Thats,NNS,Do,VBP,Quid,JJ,Okay,RB,,,With,IN,,,,,,,,,,,,,,,,
Friend,NN,Yeah,VB,Federal,JJ,Usually,RB,,,TDE,IN,,,,,,,,,,,,,,,,
Sponsors,NNS,Had,VBD,Other,JJ,Finally,RB,,,From,IN,,,,,,,,,,,,,,,,
Pacin,NNP,Make,VB,Ridiculous,JJ,Too,RB,,,Bitch,IN,,,,,,,,,,,,,,,,
Act,NNP,Smoking,VBG,Technical,JJ,Well,RB,,,Sound,IN,,,,,,,,,,,,,,,,
Landlord,NNP,Reporting,VBG,Finish,JJ,Back,RB,,,Until,IN,,,,,,,,,,,,,,,,
Me,NN,Curse,VB,Little,JJ,Maybe,RB,,,Inside,IN,,,,,,,,,,,,,,,,
Dirty,NNP,Animaniac,VB,Went,JJ,Then,RB,,,Out,IN,,,,,,,,,,,,,,,,
Bompton,NNP,Earthed,VBN,Compulsive,JJ,Honestly,RB,,,Before,IN,,,,,,,,,,,,,,,,
Home,NNP,Damned,VBN,Poetic,JJ,Just,RB,,,Woi,IN,,,,,,,,,,,,,,,,
Ah,NNP,Put,VB,Less,JJR,Lately,RB,,,On,IN,,,,,,,,,,,,,,,,
Diamond,NN,Digging,VBG,Lyrical,JJ,Instead,RB,,,Kept,IN,,,,,,,,,,,,,,,,
Eazy,NNP,Told,VBN,,,Now,RB,,,In,IN,,,,,,,,,,,,,,,,
Him,NNP,Wake,VB,,,Probably,RB,,,,,,,,,,,,,,,,,,,,
Somebody,NN,Doing,VBG,,,Nother,RB,,,,,,,,,,,,,,,,,,,,
Ciara,NNP,Said,VBD,,,Family,RB,,,,,,,,,,,,,,,,,,,,
Fifteen,NNP,Reaping,VBG,,,Rather,RB,,,,,,,,,,,,,,,,,,,,
Racism,NN,Taking,VBG,,,How,WRB,,,,,,,,,,,,,,,,,,,,
Hit,NNP,Start,VB,,,,,,,,,,,,,,,,,,,,,,,,
Destiny,NNP,Putting,VBG,,,,,,,,,,,,,,,,,,,,,,,,
Earl,NNP,Sing,VBG,,,,,,,,,,,,,,,,,,,,,,,,
Wait,NNP,Everything,VBG,,,,,,,,,,,,,,,,,,,,,,,,
Pussy,NNP,Hit,VB,,,,,,,,,,,,,,,,,,,,,,,,
Reminisce,NN,Swallowed,VBD,,,,,,,,,,,,,,,,,,,,,,,,
Tell,NNP,Hope,VBP,,,,,,,,,,,,,,,,,,,,,,,,
Look,NNP,Wait,VB,,,,,,,,,,,,,,,,,,,,,,,,
Pet,NNP,Tell,VB,,,,,,,,,,,,,,,,,,,,,,,,
Guess,NNP,Remember,VB,,,,,,,,,,,,,,,,,,,,,,,,
Pick,NNP,Look,VB,,,,,,,,,,,,,,,,,,,,,,,,
Killin,NNP,Whispered,VBN,,,,,,,,,,,,,,,,,,,,,,,,
House,NNP,Held,VBD,,,,,,,,,,,,,,,,,,,,,,,,
Picture,NN,Pick,VB,,,,,,,,,,,,,,,,,,,,,,,,
Drama,NNP,Knock,VB,,,,,,,,,,,,,,,,,,,,,,,,
Fame,NNP,Misusing,VBG,,,,,,,,,,,,,,,,,,,,,,,,
Painkillers,NNS,Sent,VBD,,,,,,,,,,,,,,,,,,,,,,,,
Pity,NNP,Trying,VBG,,,,,,,,,,,,,,,,,,,,,,,,
Kenny,NNP,Hope,VB,,,,,,,,,,,,,,,,,,,,,,,,
Spinnin,NNP,Loving,VBG,,,,,,,,,,,,,,,,,,,,,,,,
Hope,NNP,Watch,VB,,,,,,,,,,,,,,,,,,,,,,,,
Waitin,NNP,Found,VBN,,,,,,,,,,,,,,,,,,,,,,,,
Born,NNP,Having,VBG,,,,,,,,,,,,,,,,,,,,,,,,
Pi,NNP,Crazy,VB,,,,,,,,,,,,,,,,,,,,,,,,
Lee,NNP,Piss,VB,,,,,,,,,,,,,,,,,,,,,,,,
Hand,NN,Talk,VB,,,,,,,,,,,,,,,,,,,,,,,,
Guarantee,NN,Hands,VBZ,,,,,,,,,,,,,,,,,,,,,,,,
Dismiss,NNP,Asked,VBN,,,,,,,,,,,,,,,,,,,,,,,,
Tryna,NNP,Bumping,VBG,,,,,,,,,,,,,,,,,,,,,,,,
M,NNP,Reverse,VB,,,,,,,,,,,,,,,,,,,,,,,,
Ghetto,NNP,Living,VBG,,,,,,,,,,,,,,,,,,,,,,,,
Nigga,NN,Spoiled,VBN,,,,,,,,,,,,,,,,,,,,,,,,
Ayo,NNP,Leave,VB,,,,,,,,,,,,,,,,,,,,,,,,
Big,NNP,Y,VB,,,,,,,,,,,,,,,,,,,,,,,,
Waaaaay,NNP,Drink,VB,,,,,,,,,,,,,,,,,,,,,,,,
Imagine,NNP,Yo,VB,,,,,,,,,,,,,,,,,,,,,,,,
Alright,NNP,Aiming,VBG,,,,,,,,,,,,,,,,,,,,,,,,
Q,NNP,Grown,VBN,,,,,,,,,,,,,,,,,,,,,,,,
Granny,NNP,Made,VBN,,,,,,,,,,,,,,,,,,,,,,,,
Yah,NNP,Seen,VB,,,,,,,,,,,,,,,,,,,,,,,,
Drink,NNP,Frightening,VBG,,,,,,,,,,,,,,,,,,,,,,,,
Hear,NNP,Forgetting,VBG,,,,,,,,,,,,,,,,,,,,,,,,
Man,NNP,Build,VB,,,,,,,,,,,,,,,,,,,,,,,,
Pour,NNP,Stuck,VBN,,,,,,,,,,,,,,,,,,,,,,,,
Duckin,NNP,Making,VBG,,,,,,,,,,,,,,,,,,,,,,,,
Mount,NNP,Salute,VB,,,,,,,,,,,,,,,,,,,,,,,,
Christmas,NNP,Shoved,VBN,,,,,,,,,,,,,,,,,,,,,,,,
Burners,NNS,Married,VBN,,,,,,,,,,,,,,,,,,,,,,,,
Bad,NNP,Accumulated,VBN,,,,,,,,,,,,,,,,,,,,,,,,
Pain,NN,Visiting,VBG,,,,,,,,,,,,,,,,,,,,,,,,
Tire,NN,Snatch,VB,,,,,,,,,,,,,,,,,,,,,,,,
Mo,NNP,Pretend,VB,,,,,,,,,,,,,,,,,,,,,,,,
Fix,NNP,Call,VB,,,,,,,,,,,,,,,,,,,,,,,,
Nazareth,NNP,Running,VBG,,,,,,,,,,,,,,,,,,,,,,,,
Promise,NN,Talented,VBN,,,,,,,,,,,,,,,,,,,,,,,,
Cartoons,NNS,Run,VB,,,,,,,,,,,,,,,,,,,,,,,,
Sounwave,NNP,Acting,VBG,,,,,,,,,,,,,,,,,,,,,,,,
Relocate,NNP,Manipulated,VBN,,,,,,,,,,,,,,,,,,,,,,,,
Jimi,NNP,Go,VB,,,,,,,,,,,,,,,,,,,,,,,,
Knock,NNP,Play,VB,,,,,,,,,,,,,,,,,,,,,,,,
Retaliation,NN,Eating,VBG,,,,,,,,,,,,,,,,,,,,,,,,
Crew,NNP,Walking,VBG,,,,,,,,,,,,,,,,,,,,,,,,
Rock,NN,Looked,VBN,,,,,,,,,,,,,,,,,,,,,,,,
Bitches,NNP,Spend,VB,,,,,,,,,,,,,,,,,,,,,,,,
Banks,NNS,King,VBG,,,,,,,,,,,,,,,,,,,,,,,,
Sorry,NNP,Building,VBG,,,,,,,,,,,,,,,,,,,,,,,,
Surround,NNP,Destroyed,VBN,,,,,,,,,,,,,,,,,,,,,,,,
Barefoot,NNP,Excuse,VB,,,,,,,,,,,,,,,,,,,,,,,,
West,NNP,Hopping,VBG,,,,,,,,,,,,,,,,,,,,,,,,
Reason,NNP,Need,VB,,,,,,,,,,,,,,,,,,,,,,,,
Thug,NNP,Enthused,VBN,,,,,,,,,,,,,,,,,,,,,,,,
Swerve,NNP,Known,VBN,,,,,,,,,,,,,,,,,,,,,,,,
Drop,NN,Hopped,VBN,,,,,,,,,,,,,,,,,,,,,,,,
Marshmallows,NNP,Hide,VB,,,,,,,,,,,,,,,,,,,,,,,,
Granddaddy,NNP,Cause,VB,,,,,,,,,,,,,,,,,,,,,,,,
Yours,NNS,Nothing,VBG,,,,,,,,,,,,,,,,,,,,,,,,
Hands,NNS,Let,VB,,,,,,,,,,,,,,,,,,,,,,,,
Suck,NNP,Come,VBN,,,,,,,,,,,,,,,,,,,,,,,,
Nah,NNP,Darling,VBG,,,,,,,,,,,,,,,,,,,,,,,,
Pimp,NNP,Crawled,VBN,,,,,,,,,,,,,,,,,,,,,,,,
Walls,NNS,Bet,VB,,,,,,,,,,,,,,,,,,,,,,,,
Hood,NNP,Anything,VBG,,,,,,,,,,,,,,,,,,,,,,,,
Lace,NNP,Crooked,VBN,,,,,,,,,,,,,,,,,,,,,,,,
Cool,NNP,Show,VB,,,,,,,,,,,,,,,,,,,,,,,,
Pop,NNP,Listen,VB,,,,,,,,,,,,,,,,,,,,,,,,
Fancy,NNP,Telling,VBG,,,,,,,,,,,,,,,,,,,,,,,,
Lightnin,NNP,Something,VBG,,,,,,,,,,,,,,,,,,,,,,,,
Johnny,NNP,Produced,VBN,,,,,,,,,,,,,,,,,,,,,,,,
Scholars,NNS,Introverted,VBN,,,,,,,,,,,,,,,,,,,,,,,,
CSI,NNP,Tossed,VBN,,,,,,,,,,,,,,,,,,,,,,,,
Society,NN,Barricaded,VBN,,,,,,,,,,,,,,,,,,,,,,,,
Fake,NNP,Keep,VB,,,,,,,,,,,,,,,,,,,,,,,,
Makin,NNP,Pay,VB,,,,,,,,,,,,,,,,,,,,,,,,
Sneak,NNP,Love,VB,,,,,,,,,,,,,,,,,,,,,,,,
Resuscitation,NN,Walked,VBN,,,,,,,,,,,,,,,,,,,,,,,,
Are,NNP,Flying,VBG,,,,,,,,,,,,,,,,,,,,,,,,
Lil,NNP,Be,VB,,,,,,,,,,,,,,,,,,,,,,,,
Visions,NNS,Dropped,VBD,,,,,,,,,,,,,,,,,,,,,,,,
Mass,NNP,Rush,VB,,,,,,,,,,,,,,,,,,,,,,,,
Blacks,NNS,Respect,VB,,,,,,,,,,,,,,,,,,,,,,,,
Aye,NNP,Told,VBD,,,,,,,,,,,,,,,,,,,,,,,,
Step,NN,Prophesize,VB,,,,,,,,,,,,,,,,,,,,,,,,
Schemin,NNP,Wrestling,VBG,,,,,,,,,,,,,,,,,,,,,,,,
Mood,NNP,Serving,VBG,,,,,,,,,,,,,,,,,,,,,,,,
Revertin,NNP,Looking,VBG,,,,,,,,,,,,,,,,,,,,,,,,
Loyalty,NNP,Perfected,VBN,,,,,,,,,,,,,,,,,,,,,,,,
Lovin,NNP,Gather,VB,,,,,,,,,,,,,,,,,,,,,,,,
Today,NN,Have,VBP,,,,,,,,,,,,,,,,,,,,,,,,
Great,NNP,Emerging,VBG,,,,,,,,,,,,,,,,,,,,,,,,
Malcolm,NNP,Throw,VB,,,,,,,,,,,,,,,,,,,,,,,,
Please,NNP,Lift,VB,,,,,,,,,,,,,,,,,,,,,,,,
Mike,NNP,Worried,VBN,,,,,,,,,,,,,,,,,,,,,,,,
Apple,NNP,Bitch,VB,,,,,,,,,,,,,,,,,,,,,,,,
Burnin,NNP,Hating,VBG,,,,,,,,,,,,,,,,,,,,,,,,
Conversation,NN,Welcome,VB,,,,,,,,,,,,,,,,,,,,,,,,
Wan,NNP,Do,VB,,,,,,,,,,,,,,,,,,,,,,,,
Bitch,NNP,Describing,VBG,,,,,,,,,,,,,,,,,,,,,,,,
Levitate,NNP,Whistling,VBG,,,,,,,,,,,,,,,,,,,,,,,,
Projects,NNS,Happened,VBN,,,,,,,,,,,,,,,,,,,,,,,,
Kunta,NNP,Spent,VB,,,,,,,,,,,,,,,,,,,,,,,,
Block,NNP,,,,,,,,,,,,,,,,,,,,,,,,,,
Hail,NNP,,,,,,,,,,,,,,,,,,,,,,,,,,
Thinkin,NNP,,,,,,,,,,,,,,,,,,,,,,,,,,
Limo,NNP,,,,,,,,,,,,,,,,,,,,,,,,,,
Equity,NN,,,,,,,,,,,,,,,,,,,,,,,,,,
Head,NN,,,,,,,,,,,,,,,,,,,,,,,,,,
Ask,NNP,,,,,,,,,,,,,,,,,,,,,,,,,,
Calm,NNP,,,,,,,,,,,,,,,,,,,,,,,,,,
Get,NNP,,,,,,,,,,,,,,,,,,,,,,,,,,
Truth,NN,,,,,,,,,,,,,,,,,,,,,,,,,,
Bridges,NNS,,,,,,,,,,,,,,,,,,,,,,,,,,
Woman,NNP,,,,,,,,,,,,,,,,,,,,,,,,,,
Wouldn,NNP,,,,,,,,,,,,,,,,,,,,,,,,,,
Dammit,NN,,,,,,,,,,,,,,,,,,,,,,,,,,
Slide,NN,,,,,,,,,,,,,,,,,,,,,,,,,,
G,NNP,,,,,,,,,,,,,,,,,,,,,,,,,,
Auntie,NNP,,,,,,,,,,,,,,,,,,,,,,,,,,
Til,NN,,,,,,,,,,,,,,,,,,,,,,,,,,
Sentence,NN,,,,,,,,,,,,,,,,,,,,,,,,,,
Watchin,NNP,,,,,,,,,,,,,,,,,,,,,,,,,,
Drown,NNP,,,,,,,,,,,,,,,,,,,,,,,,,,
Hello,NNP,,,,,,,,,,,,,,,,,,,,,,,,,,
Situations,NNS,,,,,,,,,,,,,,,,,,,,,,,,,,
Dream,NNP,,,,,,,,,,,,,,,,,,,,,,,,,,
Time,NNP,,,,,,,,,,,,,,,,,,,,,,,,,,
Trapped,NNP,,,,,,,,,,,,,,,,,,,,,,,,,,
Trinidad,NNP,,,,,,,,,,,,,,,,,,,,,,,,,,
Complexion,NNP,,,,,,,,,,,,,,,,,,,,,,,,,,
Couple,NN,,,,,,,,,,,,,,,,,,,,,,,,,,
Confidence,NN,,,,,,,,,,,,,,,,,,,,,,,,,,
Janky,NNP,,,,,,,,,,,,,,,,,,,,,,,,,,
Aha,NNP,,,,,,,,,,,,,,,,,,,,,,,,,,
People,NNS,,,,,,,,,,,,,,,,,,,,,,,,,,
Tracklist,NN,,,,,,,,,,,,,,,,,,,,,,,,,,
Everyone,NN,,,,,,,,,,,,,,,,,,,,,,,,,,
Uhh,NNP,,,,,,,,,,,,,,,,,,,,,,,,,,
Church,NN,,,,,,,,,,,,,,,,,,,,,,,,,,
Winnin,NNP,,,,,,,,,,,,,,,,,,,,,,,,,,
Screamin,NNP,,,,,,,,,,,,,,,,,,,,,,,,,,
Touch,NN,,,,,,,,,,,,,,,,,,,,,,,,,,
Kung,NNP,,,,,,,,,,,,,,,,,,,,,,,,,,
El,NNP,,,,,,,,,,,,,,,,,,,,,,,,,,
Mufucka,NNP,,,,,,,,,,,,,,,,,,,,,,,,,,
Amen,NNS,,,,,,,,,,,,,,,,,,,,,,,,,,
Find,NNP,,,,,,,,,,,,,,,,,,,,,,,,,,
Heart,NNP,,,,,,,,,,,,,,,,,,,,,,,,,,
Arghh,NNP,,,,,,,,,,,,,,,,,,,,,,,,,,
Enforcin,NNP,,,,,,,,,,,,,,,,,,,,,,,,,,
Reciprocation,NN,,,,,,,,,,,,,,,,,,,,,,,,,,
Lamar,NNP,,,,,,,,,,,,,,,,,,,,,,,,,,
Remember,NNP,,,,,,,,,,,,,,,,,,,,,,,,,,
AKs,NNP,,,,,,,,,,,,,,,,,,,,,,,,,,
Laughs,NNP,,,,,,,,,,,,,,,,,,,,,,,,,,
Squad,NNP,,,,,,,,,,,,,,,,,,,,,,,,,,
Won,NNP,,,,,,,,,,,,,,,,,,,,,,,,,,
Realness,NNP,,,,,,,,,,,,,,,,,,,,,,,,,,
Sleepin,NN,,,,,,,,,,,,,,,,,,,,,,,,,,
Stand,NNP,,,,,,,,,,,,,,,,,,,,,,,,,,
Donald,NNP,,,,,,,,,,,,,,,,,,,,,,,,,,
Baby,NNP,,,,,,,,,,,,,,,,,,,,,,,,,,
Bougie,NNP,,,,,,,,,,,,,,,,,,,,,,,,,,
Dark,NNP,,,,,,,,,,,,,,,,,,,,,,,,,,
Fellowship,NN,,,,,,,,,,,,,,,,,,,,,,,,,,
Crash,NN,,,,,,,,,,,,,,,,,,,,,,,,,,
Ib,NNP,,,,,,,,,,,,,,,,,,,,,,,,,,
Feelin,NNP,,,,,,,,,,,,,,,,,,,,,,,,,,
Roll,NN,,,,,,,,,,,,,,,,,,,,,,,,,,
Don,NNP,,,,,,,,,,,,,,,,,,,,,,,,,,
Shots,NNS,,,,,,,,,,,,,,,,,,,,,,,,,,
Goddamn,NNP,,,,,,,,,,,,,,,,,,,,,,,,,,
Homies,NNS,,,,,,,,,,,,,,,,,,,,,,,,,,
Poppin,NNP,,,,,,,,,,,,,,,,,,,,,,,,,,
Did,NNP,,,,,,,,,,,,,,,,,,,,,,,,,,
Fall,NNP,,,,,,,,,,,,,,,,,,,,,,,,,,
Watch,NNP,,,,,,,,,,,,,,,,,,,,,,,,,,
Discounts,NNS,,,,,,,,,,,,,,,,,,,,,,,,,,
D,NNP,,,,,,,,,,,,,,,,,,,,,,,,,,
Park,NN,,,,,,,,,,,,,,,,,,,,,,,,,,
Smokin,NNP,,,,,,,,,,,,,,,,,,,,,,,,,,
Hopin,NNP,,,,,,,,,,,,,,,,,,,,,,,,,,
Come,NNP,,,,,,,,,,,,,,,,,,,,,,,,,,
Life,NN,,,,,,,,,,,,,,,,,,,,,,,,,,
Hard,NNP,,,,,,,,,,,,,,,,,,,,,,,,,,
Dyin,NNP,,,,,,,,,,,,,,,,,,,,,,,,,,
Niggas,NNP,,,,,,,,,,,,,,,,,,,,,,,,,,
Me,NNP,,,,,,,,,,,,,,,,,,,,,,,,,,
Travel,NNP,,,,,,,,,,,,,,,,,,,,,,,,,,
Pac,NNP,,,,,,,,,,,,,,,,,,,,,,,,,,
Celery,NNP,,,,,,,,,,,,,,,,,,,,,,,,,,
Stuck,NNP,,,,,,,,,,,,,,,,,,,,,,,,,,
Am,NNP,,,,,,,,,,,,,,,,,,,,,,,,,,
Alls,NNS,,,,,,,,,,,,,,,,,,,,,,,,,,
Feel,NNP,,,,,,,,,,,,,,,,,,,,,,,,,,
Cause,NN,,,,,,,,,,,,,,,,,,,,,,,,,,
Parasites,NNS,,,,,,,,,,,,,,,,,,,,,,,,,,
Consequences,NNS,,,,,,,,,,,,,,,,,,,,,,,,,,
Grab,NNP,,,,,,,,,,,,,,,,,,,,,,,,,,
Seen,NNP,,,,,,,,,,,,,,,,,,,,,,,,,,
Ay,NNP,,,,,,,,,,,,,,,,,,,,,,,,,,
Leavin,NNP,,,,,,,,,,,,,,,,,,,,,,,,,,
Bump,NNP,,,,,,,,,,,,,,,,,,,,,,,,,,
Stray,NNP,,,,,,,,,,,,,,,,,,,,,,,,,,
Breakin,NNP,,,,,,,,,,,,,,,,,,,,,,,,,,
Hereditary,NNP,,,,,,,,,,,,,,,,,,,,,,,,,,
Sex,NN,,,,,,,,,,,,,,,,,,,,,,,,,,
Shootin,NNP,,,,,,,,,,,,,,,,,,,,,,,,,,
Darkest,NNP,,,,,,,,,,,,,,,,,,,,,,,,,,
Black,NNP,,,,,,,,,,,,,,,,,,,,,,,,,,
Read,NNP,,,,,,,,,,,,,,,,,,,,,,,,,,
Empire,NNP,,,,,,,,,,,,,,,,,,,,,,,,,,
Monsters,NNS,,,,,,,,,,,,,,,,,,,,,,,,,,
Flesh,NNP,,,,,,,,,,,,,,,,,,,,,,,,,,
Run,NNP,,,,,,,,,,,,,,,,,,,,,,,,,,
Lay,NNP,,,,,,,,,,,,,,,,,,,,,,,,,,
Matter,NN,,,,,,,,,,,,,,,,,,,,,,,,,,
Changin,NN,,,,,,,,,,,,,,,,,,,,,,,,,,
Pastor,NNP,,,,,,,,,,,,,,,,,,,,,,,,,,
Bodies,NNS,,,,,,,,,,,,,,,,,,,,,,,,,,
Mic,NNP,,,,,,,,,,,,,,,,,,,,,,,,,,
Billboard,NNP,,,,,,,,,,,,,,,,,,,,,,,,,,
Cadillac,NNP,,,,,,,,,,,,,,,,,,,,,,,,,,
Curves,NNS,,,,,,,,,,,,,,,,,,,,,,,,,,
Revenge,NN,,,,,,,,,,,,,,,,,,,,,,,,,,
Nigga,NNP,,,,,,,,,,,,,,,,,,,,,,,,,,
Kendrick,NNP,,,,,,,,,,,,,,,,,,,,,,,,,,
Live,NNP,,,,,,,,,,,,,,,,,,,,,,,,,,
Crumbs,NNP,,,,,,,,,,,,,,,,,,,,,,,,,,
State,NN,,,,,,,,,,,,,,,,,,,,,,,,,,
Newborn,NNP,,,,,,,,,,,,,,,,,,,,,,,,,,
Dye,NNP,,,,,,,,,,,,,,,,,,,,,,,,,,
Ferragami,NNP,,,,,,,,,,,,,,,,,,,,,,,,,,
Slideshow,NN,,,,,,,,,,,,,,,,,,,,,,,,,,
Ahh,NNP,,,,,,,,,,,,,,,,,,,,,,,,,,
Pistol,NNP,,,,,,,,,,,,,,,,,,,,,,,,,,
Pardon,NNP,,,,,,,,,,,,,,,,,,,,,,,,,,
Sittin,NN,,,,,,,,,,,,,,,,,,,,,,,,,,
Fresh,NNP,,,,,,,,,,,,,,,,,,,,,,,,,,
Ooh,NNP,,,,,,,,,,,,,,,,,,,,,,,,,,
Cardio,NNP,,,,,,,,,,,,,,,,,,,,,,,,,,
K,NNP,,,,,,,,,,,,,,,,,,,,,,,,,,
Basketball,NN,,,,,,,,,,,,,,,,,,,,,,,,,,
Starin,NN,,,,,,,,,,,,,,,,,,,,,,,,,,
Katzkins,NNS,,,,,,,,,,,,,,,,,,,,,,,,,,
Tire,NNP,,,,,,,,,,,,,,,,,,,,,,,,,,
Listen,NNP,,,,,,,,,,,,,,,,,,,,,,,,,,
Album,NNP,,,,,,,,,,,,,,,,,,,,,,,,,,
Phone,NN,,,,,,,,,,,,,,,,,,,,,,,,,,
Want,NNP,,,,,,,,,,,,,,,,,,,,,,,,,,
Promise,NNP,,,,,,,,,,,,,,,,,,,,,,,,,,
Forty,NNP,,,,,,,,,,,,,,,,,,,,,,,,,,
Eat,NNP,,,,,,,,,,,,,,,,,,,,,,,,,,
Pl,NNP,,,,,,,,,,,,,,,,,,,,,,,,,,
Rush,NNP,,,,,,,,,,,,,,,,,,,,,,,,,,
Ironic,NNP,,,,,,,,,,,,,,,,,,,,,,,,,,
Instagram,NNP,,,,,,,,,,,,,,,,,,,,,,,,,,
Resentment,NN,,,,,,,,,,,,,,,,,,,,,,,,,,
Interior,NNP,,,,,,,,,,,,,,,,,,,,,,,,,,
DVD,NNP,,,,,,,,,,,,,,,,,,,,,,,,,,
Intervention,NN,,,,,,,,,,,,,,,,,,,,,,,,,,
Women,NNS,,,,,,,,,,,,,,,,,,,,,,,,,,
Cop,NNP,,,,,,,,,,,,,,,,,,,,,,,,,,
Taz,NNP,,,,,,,,,,,,,,,,,,,,,,,,,,
Lookin,NNP,,,,,,,,,,,,,,,,,,,,,,,,,,
Cocaine,NN,,,,,,,,,,,,,,,,,,,,,,,,,,
Homicidal,NNP,,,,,,,,,,,,,,,,,,,,,,,,,,
Leader,NN,,,,,,,,,,,,,,,,,,,,,,,,,,
Porcelain,NNP,,,,,,,,,,,,,,,,,,,,,,,,,,
Tiptoein,NNP,,,,,,,,,,,,,,,,,,,,,,,,,,
Up,NN,,,,,,,,,,,,,,,,,,,,,,,,,,
Purple,NNP,,,,,,,,,,,,,,,,,,,,,,,,,,
Sag,NNP,,,,,,,,,,,,,,,,,,,,,,,,,,
Bird,NNP,,,,,,,,,,,,,,,,,,,,,,,,,,
Mack,NNP,,,,,,,,,,,,,,,,,,,,,,,,,,
Imagine,NN,,,,,,,,,,,,,,,,,,,,,,,,,,
Tears,NNS,,,,,,,,,,,,,,,,,,,,,,,,,,
Bakin,NNP,,,,,,,,,,,,,,,,,,,,,,,,,,
Sippin,NNP,,,,,,,,,,,,,,,,,,,,,,,,,,
Aight,NNP,,,,,,,,,,,,,,,,,,,,,,,,,,
Pretty,NNP,,,,,,,,,,,,,,,,,,,,,,,,,,
Hang,NNP,,,,,,,,,,,,,,,,,,,,,,,,,,
Promises,NNS,,,,,,,,,,,,,,,,,,,,,,,,,,
Fear,NN,,,,,,,,,,,,,,,,,,,,,,,,,,
Product,NN,,,,,,,,,,,,,,,,,,,,,,,,,,
Yep,NNP,,,,,,,,,,,,,,,,,,,,,,,,,,
Pickin,NNP,,,,,,,,,,,,,,,,,,,,,,,,,,
Hol,NNP,,,,,,,,,,,,,,,,,,,,,,,,,,
Floss,NNP,,,,,,,,,,,,,,,,,,,,,,,,,,
Way,NNP,,,,,,,,,,,,,,,,,,,,,,,,,,
Fillin,NNP,,,,,,,,,,,,,,,,,,,,,,,,,,
Adaptation,NNP,,,,,,,,,,,,,,,,,,,,,,,,,,
Hate,NNP,,,,,,,,,,,,,,,,,,,,,,,,,,
Shimmy,NNP,,,,,,,,,,,,,,,,,,,,,,,,,,
Pivotin,NNP,,,,,,,,,,,,,,,,,,,,,,,,,,
Got,NNP,,,,,,,,,,,,,,,,,,,,,,,,,,
Laughin,NNP,,,,,,,,,,,,,,,,,,,,,,,,,,
Say,NNP,,,,,,,,,,,,,,,,,,,,,,,,,,
Blow,NNP,,,,,,,,,,,,,,,,,,,,,,,,,,
Fuck,NN,,,,,,,,,,,,,,,,,,,,,,,,,,
Compton,NNP,,,,,,,,,,,,,,,,,,,,,,,,,,
Ho,NNP,,,,,,,,,,,,,,,,,,,,,,,,,,
Mr,NNP,,,,,,,,,,,,,,,,,,,,,,,,,,
Light,NNP,,,,,,,,,,,,,,,,,,,,,,,,,,
Pipe,NNP,,,,,,,,,,,,,,,,,,,,,,,,,,
Door,NNP,,,,,,,,,,,,,,,,,,,,,,,,,,
Momma,NNP,,,,,,,,,,,,,,,,,,,,,,,,,,
Liquors,NNS,,,,,,,,,,,,,,,,,,,,,,,,,,
Bullet,NNP,,,,,,,,,,,,,,,,,,,,,,,,,,
Industry,NN,,,,,,,,,,,,,,,,,,,,,,,,,,
Quick,NNP,,,,,,,,,,,,,,,,,,,,,,,,,,
Backbone,NNP,,,,,,,,,,,,,,,,,,,,,,,,,,
Soprano,NNP,,,,,,,,,,,,,,,,,,,,,,,,,,
Haul,NNP,,,,,,,,,,,,,,,,,,,,,,,,,,
Had,NNP,,,,,,,,,,,,,,,,,,,,,,,,,,
Yesterday,NN,,,,,,,,,,,,,,,,,,,,,,,,,,
Manager,NNP,,,,,,,,,,,,,,,,,,,,,,,,,,
Bullshit,NNP,,,,,,,,,,,,,,,,,,,,,,,,,,
Mark,NNP,,,,,,,,,,,,,,,,,,,,,,,,,,
Peelin,NNP,,,,,,,,,,,,,,,,,,,,,,,,,,
Wake,NNP,,,,,,,,,,,,,,,,,,,,,,,,,,
Braggin,NN,,,,,,,,,,,,,,,,,,,,,,,,,,
Goddammit,NNP,,,,,,,,,,,,,,,,,,,,,,,,,,
Problem,NNP,,,,,,,,,,,,,,,,,,,,,,,,,,
Things,NNS,,,,,,,,,,,,,,,,,,,,,,,,,,
Move,NNP,,,,,,,,,,,,,,,,,,,,,,,,,,
Bars,NNP,,,,,,,,,,,,,,,,,,,,,,,,,,
Hot,NNP,,,,,,,,,,,,,,,,,,,,,,,,,,
Candy,NNP,,,,,,,,,,,,,,,,,,,,,,,,,,
Tables,NNS,,,,,,,,,,,,,,,,,,,,,,,,,,
Fast,NNP,,,,,,,,,,,,,,,,,,,,,,,,,,
Wall,NNP,,,,,,,,,,,,,,,,,,,,,,,,,,
Gold,NNP,,,,,,,,,,,,,,,,,,,,,,,,,,
Dumb,NNP,,,,,,,,,,,,,,,,,,,,,,,,,,
Sherm,NNP,,,,,,,,,,,,,,,,,,,,,,,,,,
Yo,NN,,,,,,,,,,,,,,,,,,,,,,,,,,
Beeotch,NNP,,,,,,,,,,,,,,,,,,,,,,,,,,
AK,NNP,,,,,,,,,,,,,,,,,,,,,,,,,,
C,NNP,,,,,,,,,,,,,,,,,,,,,,,,,,
Banana,NNP,,,,,,,,,,,,,,,,,,,,,,,,,,
Drill,NNP,,,,,,,,,,,,,,,,,,,,,,,,,,
Trippin,NNP,,,,,,,,,,,,,,,,,,,,,,,,,,
God,NNP,,,,,,,,,,,,,,,,,,,,,,,,,,
Thank,NNP,,,,,,,,,,,,,,,,,,,,,,,,,,
Money,NN,,,,,,,,,,,,,,,,,,,,,,,,,,
Smoke,NNP,,,,,,,,,,,,,,,,,,,,,,,,,,
Keisha,NNP,,,,,,,,,,,,,,,,,,,,,,,,,,
Kill,NNP,,,,,,,,,,,,,,,,,,,,,,,,,,
May,NNP,,,,,,,,,,,,,,,,,,,,,,,,,,
Contributin,NNP,,,,,,,,,,,,,,,,,,,,,,,,,,
Fox,NNP,,,,,,,,,,,,,,,,,,,,,,,,,,
Faded,NNP,,,,,,,,,,,,,,,,,,,,,,,,,,
Choice,NNP,,,,,,,,,,,,,,,,,,,,,,,,,,
Woop,NNP,,,,,,,,,,,,,,,,,,,,,,,,,,
Dear,NNP,,,,,,,,,,,,,,,,,,,,,,,,,,
Hoochie,NNP,,,,,,,,,,,,,,,,,,,,,,,,,,
Daughter,NNP,,,,,,,,,,,,,,,,,,,,,,,,,,
Registration,NN,,,,,,,,,,,,,,,,,,,,,,,,,,
Friends,NNS,,,,,,,,,,,,,,,,,,,,,,,,,,
Bla,NNP,,,,,,,,,,,,,,,,,,,,,,,,,,
Tired,NNP,,,,,,,,,,,,,,,,,,,,,,,,,,
Burner,NNP,,,,,,,,,,,,,,,,,,,,,,,,,,
Motherfucker,NN,,,,,,,,,,,,,,,,,,,,,,,,,,
Happiness,NNP,,,,,,,,,,,,,,,,,,,,,,,,,,
Nothin,NNP,,,,,,,,,,,,,,,,,,,,,,,,,,
Bitin,NNP,,,,,,,,,,,,,,,,,,,,,,,,,,
Young,NNP,,,,,,,,,,,,,,,,,,,,,,,,,,
Sip,NNP,,,,,,,,,,,,,,,,,,,,,,,,,,
Pass,NN,,,,,,,,,,,,,,,,,,,,,,,,,,
Titty,NNP,,,,,,,,,,,,,,,,,,,,,,,,,,
Poverty,NNP,,,,,,,,,,,,,,,,,,,,,,,,,,
Wile,NNP,,,,,,,,,,,,,,,,,,,,,,,,,,
None,NN,,,,,,,,,,,,,,,,,,,,,,,,,,
Abre,NNP,,,,,,,,,,,,,,,,,,,,,,,,,,
Brown,NNP,,,,,,,,,,,,,,,,,,,,,,,,,,
Hennessy,NNP,,,,,,,,,,,,,,,,,,,,,,,,,,
Kama,NNP,,,,,,,,,,,,,,,,,,,,,,,,,,
Sit,NNP,,,,,,,,,,,,,,,,,,,,,,,,,,
Yellin,NNP,,,,,,,,,,,,,,,,,,,,,,,,,,
Daddy,NNP,,,,,,,,,,,,,,,,,,,,,,,,,,
Texas,NNP,,,,,,,,,,,,,,,,,,,,,,,,,,
Church,NNP,,,,,,,,,,,,,,,,,,,,,,,,,,
Burn,NNP,,,,,,,,,,,,,,,,,,,,,,,,,,
Sky,NNP,,,,,,,,,,,,,,,,,,,,,,,,,,
Road,NN,,,,,,,,,,,,,,,,,,,,,,,,,,
Leave,NNP,,,,,,,,,,,,,,,,,,,,,,,,,,
Dave,NNP,,,,,,,,,,,,,,,,,,,,,,,,,,
Came,NN,,,,,,,,,,,,,,,,,,,,,,,,,,
Teenage,NN,,,,,,,,,,,,,,,,,,,,,,,,,,
Hell,NNP,,,,,,,,,,,,,,,,,,,,,,,,,,
Pakistan,NNP,,,,,,,,,,,,,,,,,,,,,,,,,,
Credit,NNP,,,,,,,,,,,,,,,,,,,,,,,,,,
Who,NNP,,,,,,,,,,,,,,,,,,,,,,,,,,
Said,NNP,,,,,,,,,,,,,,,,,,,,,,,,,,
Threes,NNS,,,,,,,,,,,,,,,,,,,,,,,,,,
Master,NNP,,,,,,,,,,,,,,,,,,,,,,,,,,
Go,NNP,,,,,,,,,,,,,,,,,,,,,,,,,,
Gon,NNP,,,,,,,,,,,,,,,,,,,,,,,,,,
Fightin,NNP,,,,,,,,,,,,,,,,,,,,,,,,,,
Race,NN,,,,,,,,,,,,,,,,,,,,,,,,,,
Cluck,NNP,,,,,,,,,,,,,,,,,,,,,,,,,,
Martin,NNP,,,,,,,,,,,,,,,,,,,,,,,,,,
Park,NNP,,,,,,,,,,,,,,,,,,,,,,,,,,
Stickin,NNP,,,,,,,,,,,,,,,,,,,,,,,,,,
Life,NNP,,,,,,,,,,,,,,,,,,,,,,,,,,
Hunt,NNP,,,,,,,,,,,,,,,,,,,,,,,,,,
Drank,NNP,,,,,,,,,,,,,,,,,,,,,,,,,,
Al,NNP,,,,,,,,,,,,,,,,,,,,,,,,,,
Handle,NNP,,,,,,,,,,,,,,,,,,,,,,,,,,
Recognize,NNP,,,,,,,,,,,,,,,,,,,,,,,,,,
Career,NNP,,,,,,,,,,,,,,,,,,,,,,,,,,
Asians,NNS,,,,,,,,,,,,,,,,,,,,,,,,,,
Rosa,NNP,,,,,,,,,,,,,,,,,,,,,,,,,,
Broken,NNP,,,,,,,,,,,,,,,,,,,,,,,,,,
Cause,NNP,,,,,,,,,,,,,,,,,,,,,,,,,,
Scared,NNP,,,,,,,,,,,,,,,,,,,,,,,,,,
Buzzin,NNP,,,,,,,,,,,,,,,,,,,,,,,,,,
Dodgin,NNP,,,,,,,,,,,,,,,,,,,,,,,,,,
Dope,NN,,,,,,,,,,,,,,,,,,,,,,,,,,
Fill,NNP,,,,,,,,,,,,,,,,,,,,,,,,,,
Water,NNP,,,,,,,,,,,,,,,,,,,,,,,,,,
Hotboxin,NNP,,,,,,,,,,,,,,,,,,,,,,,,,,
Askin,NNP,,,,,,,,,,,,,,,,,,,,,,,,,,
Critics,NNS,,,,,,,,,,,,,,,,,,,,,,,,,,
Brace,NNP,,,,,,,,,,,,,,,,,,,,,,,,,,
Drove,NNP,,,,,,,,,,,,,,,,,,,,,,,,,,
Trees,NNS,,,,,,,,,,,,,,,,,,,,,,,,,,
Lipstick,NNP,,,,,,,,,,,,,,,,,,,,,,,,,,
Playstation,NN,,,,,,,,,,,,,,,,,,,,,,,,,,
Bigger,NNP,,,,,,,,,,,,,,,,,,,,,,,,,,
Murphy,NNP,,,,,,,,,,,,,,,,,,,,,,,,,,
N,NNP,,,,,,,,,,,,,,,,,,,,,,,,,,
Keep,NNP,,,,,,,,,,,,,,,,,,,,,,,,,,
Love,NNP,,,,,,,,,,,,,,,,,,,,,,,,,,
Be,NNP,,,,,,,,,,,,,,,,,,,,,,,,,,
First,NNP,,,,,,,,,,,,,,,,,,,,,,,,,,
Toward,NNP,,,,,,,,,,,,,,,,,,,,,,,,,,
Gang,NNP,,,,,,,,,,,,,,,,,,,,,,,,,,
Years,NNS,,,,,,,,,,,,,,,,,,,,,,,,,,
Diamonds,NNS,,,,,,,,,,,,,,,,,,,,,,,,,,
Roses,NNS,,,,,,,,,,,,,,,,,,,,,,,,,,
Girl,NNP,,,,,,,,,,,,,,,,,,,,,,,,,,
Color,NN,,,,,,,,,,,,,,,,,,,,,,,,,,
Kazaam,NNP,,,,,,,,,,,,,,,,,,,,,,,,,,
Santa,NNP,,,,,,,,,,,,,,,,,,,,,,,,,,
Obama,NNP,,,,,,,,,,,,,,,,,,,,,,,,,,
Ugh,NNP,,,,,,,,,,,,,,,,,,,,,,,,,,
Yan,NNP,,,,,,,,,,,,,,,,,,,,,,,,,,
Hand,NNP,,,,,,,,,,,,,,,,,,,,,,,,,,
Told,NNP,,,,,,,,,,,,,,,,,,,,,,,,,,
Kick,NNP,,,,,,,,,,,,,,,,,,,,,,,,,,
Anythin,NNP,,,,,,,,,,,,,,,,,,,,,,,,,,
Shit,NNP,,,,,,,,,,,,,,,,,,,,,,,,,,
Pool,NNP,,,,,,,,,,,,,,,,,,,,,,,,,,
Dreams,NNP,,,,,,,,,,,,,,,,,,,,,,,,,,
Know,NNP,,,,,,,,,,,,,,,,,,,,,,,,,,
Hop,NNP,,,,,,,,,,,,,,,,,,,,,,,,,,
K9s,NNP,,,,,,,,,,,,,,,,,,,,,,,,,,
Reality,NNP,,,,,,,,,,,,,,,,,,,,,,,,,,
Music,NNP,,,,,,,,,,,,,,,,,,,,,,,,,,
New,NNP,,,,,,,,,,,,,,,,,,,,,,,,,,
Earth,NN,,,,,,,,,,,,,,,,,,,,,,,,,,
Gas,NNP,,,,,,,,,,,,,,,,,,,,,,,,,,
Moonshine,NNP,,,,,,,,,,,,,,,,,,,,,,,,,,
Sittin,NNP,,,,,,,,,,,,,,,,,,,,,,,,,,
Caught,NNP,,,,,,,,,,,,,,,,,,,,,,,,,,
Bitches,NNS,,,,,,,,,,,,,,,,,,,,,,,,,,
Offstage,NN,,,,,,,,,,,,,,,,,,,,,,,,,,
Boys,NNP,,,,,,,,,,,,,,,,,,,,,,,,,,
Runnin,NNP,,,,,,,,,,,,,,,,,,,,,,,,,,
Pension,NN,,,,,,,,,,,,,,,,,,,,,,,,,,
Less,NNP,,,,,,,,,,,,,,,,,,,,,,,,,,
Bulletproof,NNP,,,,,,,,,,,,,,,,,,,,,,,,,,
Exercise,NN,,,,,,,,,,,,,,,,,,,,,,,,,,
Wait,NN,,,,,,,,,,,,,,,,,,,,,,,,,,
Beefin,NNP,,,,,,,,,,,,,,,,,,,,,,,,,,
Huh,NNP,,,,,,,,,,,,,,,,,,,,,,,,,,
Channel,NNP,,,,,,,,,,,,,,,,,,,,,,,,,,
Havin,NNP,,,,,,,,,,,,,,,,,,,,,,,,,,
Flex,NNP,,,,,,,,,,,,,,,,,,,,,,,,,,
Look,NN,,,,,,,,,,,,,,,,,,,,,,,,,,
Yoga,NN,,,,,,,,,,,,,,,,,,,,,,,,,,
Ecstasy,NNP,,,,,,,,,,,,,,,,,,,,,,,,,,
Scrooge,NNP,,,,,,,,,,,,,,,,,,,,,,,,,,
Guilt,NNP,,,,,,,,,,,,,,,,,,,,,,,,,,
Tax,NNP,,,,,,,,,,,,,,,,,,,,,,,,,,
Rock,NNP,,,,,,,,,,,,,,,,,,,,,,,,,,
Ali,NNP,,,,,,,,,,,,,,,,,,,,,,,,,,
Sunshine,NN,,,,,,,,,,,,,,,,,,,,,,,,,,
Tires,NNS,,,,,,,,,,,,,,,,,,,,,,,,,,
Finesse,NNP,,,,,,,,,,,,,,,,,,,,,,,,,,
Bullshittin,NNP,,,,,,,,,,,,,,,,,,,,,,,,,,
Pull,NNP,,,,,,,,,,,,,,,,,,,,,,,,,,
Brooklyn,NNP,,,,,,,,,,,,,,,,,,,,,,,,,,
Aw,NNP,,,,,,,,,,,,,,,,,,,,,,,,,,
Pray,NN,,,,,,,,,,,,,,,,,,,,,,,,,,
Make,NNP,,,,,,,,,,,,,,,,,,,,,,,,,,
Hope,NN,,,,,,,,,,,,,,,,,,,,,,,,,,
Scum,NNP,,,,,,,,,,,,,,,,,,,,,,,,,,
Drop,NNP,,,,,,,,,,,,,,,,,,,,,,,,,,
Anthony,NNP,,,,,,,,,,,,,,,,,,,,,,,,,,
Cold,NNP,,,,,,,,,,,,,,,,,,,,,,,,,,
Body,NN,,,,,,,,,,,,,,,,,,,,,,,,,,
Deal,NN,,,,,,,,,,,,,,,,,,,,,,,,,,
Sick,NNP,,,,,,,,,,,,,,,,,,,,,,,,,,
Fell,NNP,,,,,,,,,,,,,,,,,,,,,,,,,,
Es,NNP,,,,,,,,,,,,,,,,,,,,,,,,,,
R,NN,,,,,,,,,,,,,,,,,,,,,,,,,,
Mom,NN,,,,,,,,,,,,,,,,,,,,,,,,,,
Moosa,NNP,,,,,,,,,,,,,,,,,,,,,,,,,,
Whoa,NNP,,,,,,,,,,,,,,,,,,,,,,,,,,
Hoppin,NNP,,,,,,,,,,,,,,,,,,,,,,,,,,
Kept,NNP,,,,,,,,,,,,,,,,,,,,,,,,,,
Finna,NNP,,,,,,,,,,,,,,,,,,,,,,,,,,
Hungry,NNP,,,,,,,,,,,,,,,,,,,,,,,,,,
Passin,NNP,,,,,,,,,,,,,,,,,,,,,,,,,,
Exac,NNP,,,,,,,,,,,,,,,,,,,,,,,,,,
Beg,NNP,,,,,,,,,,,,,,,,,,,,,,,,,,
Doesn,NNP,,,,,,,,,,,,,,,,,,,,,,,,,,
Twelve,NNP,,,,,,,,,,,,,,,,,,,,,,,,,,
Cornrow,NNP,,,,,,,,,,,,,,,,,,,,,,,,,,
Man,NN,,,,,,,,,,,,,,,,,,,,,,,,,,
Been,NNP,,,,,,,,,,,,,,,,,,,,,,,,,,
Goin,NNP,,,,,,,,,,,,,,,,,,,,,,,,,,
Beach,NNP,,,,,,,,,,,,,,,,,,,,,,,,,,
Income,NNP,,,,,,,,,,,,,,,,,,,,,,,,,,
Homie,NNP,,,,,,,,,,,,,,,,,,,,,,,,,,
Fire,NNP,,,,,,,,,,,,,,,,,,,,,,,,,,
Uncle,NN,,,,,,,,,,,,,,,,,,,,,,,,,,
Zoom,NNP,,,,,,,,,,,,,,,,,,,,,,,,,,
Genital,NNP,,,,,,,,,,,,,,,,,,,,,,,,,,
Sweet,NNP,,,,,,,,,,,,,,,,,,,,,,,,,,
Cut,NNP,,,,,,,,,,,,,,,,,,,,,,,,,,
Fuck,NNP,,,,,,,,,,,,,,,,,,,,,,,,,,
Them,NNP,,,,,,,,,,,,,,,,,,,,,,,,,,
Tossin,NNP,,,,,,,,,,,,,,,,,,,,,,,,,,
Dick,NNP,,,,,,,,,,,,,,,,,,,,,,,,,,
Hollywood,NNP,,,,,,,,,,,,,,,,,,,,,,,,,,
Dip,NNP,,,,,,,,,,,,,,,,,,,,,,,,,,
Hiiigher,NNP,,,,,,,,,,,,,,,,,,,,,,,,,,
Security,NNP,,,,,,,,,,,,,,,,,,,,,,,,,,
Livin,NNP,,,,,,,,,,,,,,,,,,,,,,,,,,
Smiles,NNS,,,,,,,,,,,,,,,,,,,,,,,,,,
Skip,NNP,,,,,,,,,,,,,,,,,,,,,,,,,,
Interviews,NNS,,,,,,,,,,,,,,,,,,,,,,,,,,
Track,NNP,,,,,,,,,,,,,,,,,,,,,,,,,,
Ducky,NNP,,,,,,,,,,,,,,,,,,,,,,,,,,
Prognosis,NN,,,,,,,,,,,,,,,,,,,,,,,,,,
Sippin,NN,,,,,,,,,,,,,,,,,,,,,,,,,,
Shades,NNS,,,,,,,,,,,,,,,,,,,,,,,,,,
Y,NNP,,,,,,,,,,,,,,,,,,,,,,,,,,
Somethin,NNP,,,,,,,,,,,,,,,,,,,,,,,,,,
Yo,NNP,,,,,,,,,,,,,,,,,,,,,,,,,,
Seem,NNP,,,,,,,,,,,,,,,,,,,,,,,,,,
Ribbon,NN,,,,,,,,,,,,,,,,,,,,,,,,,,
Haunt,NNP,,,,,,,,,,,,,,,,,,,,,,,,,,
Better,NNP,,,,,,,,,,,,,,,,,,,,,,,,,,
Ass,NNP,,,,,,,,,,,,,,,,,,,,,,,,,,
Lust,NNP,,,,,,,,,,,,,,,,,,,,,,,,,,
Money,NNP,,,,,,,,,,,,,,,,,,,,,,,,,,
Platinum,NN,,,,,,,,,,,,,,,,,,,,,,,,,,
Damn,NNP,,,,,,,,,,,,,,,,,,,,,,,,,,
Pit,NNP,,,,,,,,,,,,,,,,,,,,,,,,,,
Dominicans,NNS,,,,,,,,,,,,,,,,,,,,,,,,,,
Cannonballs,NNS,,,,,,,,,,,,,,,,,,,,,,,,,,
Isn,NNP,,,,,,,,,,,,,,,,,,,,,,,,,,
Cursin,NNP,,,,,,,,,,,,,,,,,,,,,,,,,,
Circlin,NNP,,,,,,,,,,,,,,,,,,,,,,,,,,
Boy,NNP,,,,,,,,,,,,,,,,,,,,,,,,,,
Record,NNP,,,,,,,,,,,,,,,,,,,,,,,,,,
Undercovers,NNS,,,,,,,,,,,,,,,,,,,,,,,,,,
Eyes,NNS,,,,,,,,,,,,,,,,,,,,,,,,,,
Ayy,NNP,,,,,,,,,,,,,,,,,,,,,,,,,,
Speakin,NNP,,,,,,,,,,,,,,,,,,,,,,,,,,
Til,NNP,,,,,,,,,,,,,,,,,,,,,,,,,,
Juice,NNP,,,,,,,,,,,,,,,,,,,,,,,,,,
Count,NN,,,,,,,,,,,,,,,,,,,,,,,,,,
Motherfucker,NNP,,,,,,,,,,,,,,,,,,,,,,,,,,
Searchin,NNP,,,,,,,,,,,,,,,,,,,,,,,,,,
i,NN,,,,,,,,,,,,,,,,,,,,,,,,,,
Slick,NNP,,,,,,,,,,,,,,,,,,,,,,,,,,
Pass,NNP,,,,,,,,,,,,,,,,,,,,,,,,,,
Backstroke,NNP,,,,,,,,,,,,,,,,,,,,,,,,,,
Peace,NN,,,,,,,,,,,,,,,,,,,,,,,,,,
Air,NNP,,,,,,,,,,,,,,,,,,,,,,,,,,
Uh,NNP,,,,,,,,,,,,,,,,,,,,,,,,,,
Hustlin,NNP,,,,,,,,,,,,,,,,,,,,,,,,,,
OG,NNP,,,,,,,,,,,,,,,,,,,,,,,,,,
Nights,NNS,,,,,,,,,,,,,,,,,,,,,,,,,,
World,NNP,,,,,,,,,,,,,,,,,,,,,,,,,,
Parallel,NNP,,,,,,,,,,,,,,,,,,,,,,,,,,
America,NNP,,,,,,,,,,,,,,,,,,,,,,,,,,
Internet,NNP,,,,,,,,,,,,,,,,,,,,,,,,,,
Bitch,NN,,,,,,,,,,,,,,,,,,,,,,,,,,
Hennessey,NNP,,,,,,,,,,,,,,,,,,,,,,,,,,
Sound,NN,,,,,,,,,,,,,,,,,,,,,,,,,,
Judgin,NNP,,,,,,,,,,,,,,,,,,,,,,,,,,
Checkin,NNP,,,,,,,,,,,,,,,,,,,,,,,,,,
Salt,NNP,,,,,,,,,,,,,,,,,,,,,,,,,,
Jump,NNP,,,,,,,,,,,,,,,,,,,,,,,,,,
Bunch,NN,,,,,,,,,,,,,,,,,,,,,,,,,,
Khaki,NNP,,,,,,,,,,,,,,,,,,,,,,,,,,
Ill,NNP,,,,,,,,,,,,,,,,,,,,,,,,,,
Milk,NN,,,,,,,,,,,,,,,,,,,,,,,,,,
Streets,NNS,,,,,,,,,,,,,,,,,,,,,,,,,,
Lawsuit,NNP,,,,,,,,,,,,,,,,,,,,,,,,,,
Jesus,NNP,,,,,,,,,,,,,,,,,,,,,,,,,,
Muscle,NNP,,,,,,,,,,,,,,,,,,,,,,,,,,
Bet,NNP,,,,,,,,,,,,,,,,,,,,,,,,,,
Heartbeat,NNP,,,,,,,,,,,,,,,,,,,,,,,,,,
Rumors,NNS,,,,,,,,,,,,,,,,,,,,,,,,,,
Trip,NN,,,,,,,,,,,,,,,,,,,,,,,,,,
Sun,NNP,,,,,,,,,,,,,,,,,,,,,,,,,,
Everything,NN,,,,,,,,,,,,,,,,,,,,,,,,,,
Thinking,NN,,,,,,,,,,,,,,,,,,,,,,,,,,
Lucy,NNP,,,,,,,,,,,,,,,,,,,,,,,,,,
Anybody,NN,,,,,,,,,,,,,,,,,,,,,,,,,,
Mama,NNP,,,,,,,,,,,,,,,,,,,,,,,,,,
Bentleys,NNP,,,,,,,,,,,,,,,,,,,,,,,,,,
Pay,NNP,,,,,,,,,,,,,,,,,,,,,,,,,,
Wings,NNS,,,,,,,,,,,,,,,,,,,,,,,,,,
Retraced,NNP,,,,,,,,,,,,,,,,,,,,,,,,,,
Might,NNP,,,,,,,,,,,,,,,,,,,,,,,,,,
Drugs,NNP,,,,,,,,,,,,,,,,,,,,,,,,,,
Me,NNS,,,,,,,,,,,,,,,,,,,,,,,,,,
Liberation,NN,,,,,,,,,,,,,,,,,,,,,,,,,,
Dropped,NNP,,,,,,,,,,,,,,,,,,,,,,,,,,
Race,NNP,,,,,,,,,,,,,,,,,,,,,,,,,,
Empty,NNP,,,,,,,,,,,,,,,,,,,,,,,,,,
Hey,NNP,,,,,,,,,,,,,,,,,,,,,,,,,,
L,NNP,,,,,,,,,,,,,,,,,,,,,,,,,,
Roll,NNP,,,,,,,,,,,,,,,,,,,,,,,,,,
Stewardess,NN,,,,,,,,,,,,,,,,,,,,,,,,,,
Yeah,NN,,,,,,,,,,,,,,,,,,,,,,,,,,
Meditation,NN,,,,,,,,,,,,,,,,,,,,,,,,,,
Turbulence,NN,,,,,,,,,,,,,,,,,,,,,,,,,,
Gather,NNP,,,,,,,,,,,,,,,,,,,,,,,,,,
Bring,NNP,,,,,,,,,,,,,,,,,,,,,,,,,,
Complexion,NN,,,,,,,,,,,,,,,,,,,,,,,,,,
Too,NNP,,,,,,,,,,,,,,,,,,,,,,,,,,
Gamblin,NNP,,,,,,,,,,,,,,,,,,,,,,,,,,
Salmon,NNP,,,,,,,,,,,,,,,,,,,,,,,,,,
